v,a,i,n,i
i,l,u,l,i,s,s,a,t
p,o,r,t, ,e,l,i,z,a,b,e,t,h
c,a,r,s,o,n, ,c,i,t,y
l,o,n,g,l,a,c
r,u,n,g,a,t,a
n,e,m,u,r,o
h,i,l,o
a,t,u,o,n,a
b,u,t,a,r,i,t,a,r,i
a,x,i,m
h,o,b,a,r,t
c,o,n,s,t,i,t,u,c,i,o,n
u,s,h,u,a,i,a
b,e,b,o,t,o
i,n,v,e,r,m,e,r,e
t,u,a,l
a,l,b,a,n,y
h,u,i,l,o,n,g
r,i,k,i,t,e,a
a,t,a,r
b,e,n,g,k,u,l,u
c,l,y,d,e, ,r,i,v,e,r
h,a,v,r,e,-,s,a,i,n,t,-,p,i,e,r,r,e
s,a,l,e,a,u,l,a
b,e,t,h,e,l
k,o,k,o,p,o
q,a,a,n,a,a,q
u,m,m, ,l,a,j,j
d,e,-,k,a,s,t,r,i
p,u,n,t,a, ,a,r,e,n,a,s
b,e,r,i,n,g,o,v,s,k,i,y
a,i,r,a,i
t,i,g,i,l
g,u,e,r,r,e,r,o, ,n,e,g,r,o
a,t,o,y,a,c
p,o,r,t, ,a,l,f,r,e,d
m,a,r, ,d,e,l, ,p,l,a,t,a
d,u,n,e,d,i,n
k,a,t,s,u,u,r,a
b,u,s,s,e,l,t,o,n
f,a,r,a,f,a,n,g,a,n,a
a,l,t,a,y
p,a,f,o,s
c,r,i,x,a,s
c,h,e,r,s,k,i,y
t,a,q,u,a,r,i,t,u,b,a
b,l,u,f,f
k,r,u,i,s,f,o,n,t,e,i,n
t,a,z,o,v,s,k,i,y
f,a,a,n,u,i
u,r,u,c,a,r,a
h,a,s,a,k,i
h,e,r,m,a,n,u,s
p,a,n,g,a,i
p,u,e,r,t,o, ,a,y,o,r,a
b,i,l,m,a
e,a,s,t, ,l,o,n,d,o,n
n,o,m,e
b,e,l,o,h,a
b,e,n,g,u,e,l,a
l,e,n,i,n,g,r,a,d,s,k,i,y
k,a,i,t,a,n,g,a,t,a
y,e
s,a,n, ,c,r,i,s,t,o,b,a,l
b,u,c,h,a,n,a,n
w,a,l,v,i,s, ,b,a,y
s,e,n,t,y,a,b,r,s,k,i,y
p,u,r,u,l,i,y,a
m,a,r,c,o,n,a
m,y,s, ,s,h,m,i,d,t,a
y,u,z,h,n,o,-,y,e,n,i,s,e,y,s,k,i,y
c,a,p,e, ,t,o,w,n
s,a,i,n,t,-,f,r,a,n,c,o,i,s
e,w,a, ,b,e,a,c,h
s,a,i,n,t,-,p,h,i,l,i,p,p,e
m,b,a,n,d,a,k,a
t,u,a,t,a,p,e,r,e
m,u,s,w,e,l,l,b,r,o,o,k
a,v,a,r,u,a
s,a,n, ,r,a,f,a,e,l
o,b,o
l,o,m,p,o,c
m,a,r,i,a,k,a,n,i
g,e,n,e,r,a,l, ,p,i,c,o
c,h,u,m,i,k,a,n
l,a,k,h,d,e,n,p,o,k,h,y,a
b,a,t,h,s,h,e,b,a
v,a,i,t,u,p,u
p,o,r,o,s,o,z,e,r,o
j,a,m,e,s,t,o,w,n
s,e,v,e,r,o,-,k,u,r,i,l,s,k
p,a,d,a,n,g
w,e,s,t,p,o,r,t
t,o,m,a,r,i
t,i,k,s,i
t,u,k,t,o,y,a,k,t,u,k
k,a,p,a,a
b,u,b,a,q,u,e
p,o,r,t, ,h,a,r,d,y
a,r,r,a,i,a,l, ,d,o, ,c,a,b,o
i,l,l,o,q,q,o,r,t,o,o,r,m,i,u,t
k,o,k,s,t,a,d
t,a,s,i,i,l,a,q
h,o,u,s,t,o,n
s,a,i,n,t,-,p,i,e,r,r,e
f,l,i,n,d,e,r,s
t,o,u,r,o,s
b,r,e,d,a,s,d,o,r,p
d,i,k,s,o,n
s,a,n, ,a,n,d,r,e,s
a,u,k,i
l,o,n,g,y,e,a,r,b,y,e,n
h,i,t,h,a,d,h,o,o
c,o,d,r,i,n,g,t,o,n
r,o,m,i,l,l,y,-,s,u,r,-,s,e,i,n,e
t,h,o,m,p,s,o,n
m,a,t,a,u,r,a
b,e,y,n,e,u
p,i,s,c,o
b,a,r,r,o,w
n,o,r,m,a,n, ,w,e,l,l,s
p,e,v,e,k
m,a,y,u,m,b,a
s,o,s,v,a
l,e,b,u
k,o,u,m,a,c
c,a,s,t,r,o
g,a,o
n,a,c,a,l,a
p,u,e,r,t,o, ,e,s,c,o,n,d,i,d,o
t,a,o,l,a,n,a,r,o
a,t,t,a,w,a,p,i,s,k,a,t
r,i,b,e,i,r,a, ,g,r,a,n,d,e
k,o,d,i,a,k
r,a,w,a,n,n,a,w,i
v,i,l,l,a,m,o,n,t,e,s
a,l,i,c,e, ,s,p,r,i,n,g,s
p,a,y,s,o,n
y,e,l,l,o,w,k,n,i,f,e
l,a,t,a
p,e,n,i,c,h,e
i,s,a,n,g,e,l
a,k,l,a,v,i,k
u,t,i,r,o,a
p,a,i,t,a
p,a,n,g,n,i,r,t,u,n,g
e,s,t,o,n
b,o,l,s,h,o,y, ,k,a,m,e,n
v,i,k,i,n,d,u
a,l,t,a, ,f,l,o,r,e,s,t,a
u,l,l,a,d,u,l,l,a
d,o,m,o,n,i
h,u,k,u,n,t,s,i
r,i,c,h,a,r,d,s, ,b,a,y
f,a,r,e
z,h,a,n,g,y,e
y,i,c,h,a,n,g
w,a,k,e,m,a
k,h,a,t,a,n,g,a
c,h,o,k,u,r,d,a,k,h
v,i,c,t,o,r,i,a
o,k,h,a
t,r,e,s, ,l,a,g,o,a,s
i,r,o,n,d,e,q,u,o,i,t
k,a,h,u,l,u,i
c,i,d,r,e,i,r,a
k,e,n,a,i
u,p,e,r,n,a,v,i,k
c,h,a,n,y
e,s,m,e,r,a,l,d,a,s
v,i,l,a, ,f,r,a,n,c,a, ,d,o, ,c,a,m,p,o
p,o,r,t,l,a,n,d
u,n,i,t,y
k,o,r,o,n,i
b,a,t,e,m,a,n,s, ,b,a,y
m,i,l,d,u,r,a
m,u,r,o,v,a,n,i, ,k,u,r,y,l,i,v,t,s,i
k,a,r,e,m,a
b,r,o,k,o,p,o,n,d,o
l,a,g,u,n,a
y,a,t,o,u
b,e,l,l,a, ,v,i,s,t,a
a,y,k,h,a,l
b,a,m,b,o,u,s, ,v,i,r,i,e,u,x
l,l,a,n,e,s
k,i,h,e,i
b,u,r, ,g,a,b,o
n,a,n,o,r,t,a,l,i,k
n,i,z,h,n,e,y,a,n,s,k
s,h,c,h,e,l,y,a,y,u,r
s,i,t,k,a
s,a,n, ,s,e,v,e,r,o
i,n,o,n,g,o
c,h,o,k,w,e
m,a,r,g,a,t,e
c,o,c,k,b,u,r,n, ,h,a,r,b,o,u,r
h,u,s,a,v,i,k
g,i,z,o
n,a,r,y,a,n,-,m,a,r
m,a,r,e,e,b,a
a,s,w,a,n
p,r,a,i,a, ,d,a, ,v,i,t,o,r,i,a
s,a,i,n,t,-,l,e,u
j,u,j,u,y
j,i,e,s,h,i
k,h,o,r
s,a,s,k,y,l,a,k,h
g,r,o,s, ,i,s,l,e,t
g,u,n,j,u,r
k,a,m,p,e,n,e
h,a,v,e,l,o,c,k
m,a,r,r,a,k,e,s,h
k,i,l,e,m,a,r,y
o,r,i,x,i,m,i,n,a
s,o,u,i,l,l,a,c
b,a,r,e,n,t,s,b,u,r,g
k,u,m,i,n,s,k,i,y
h,a,l,a,l,o
c,a,r,a,v,e,l,a,s
f,a,y,a
a,l,o,f,i
l,o,l,u,a
n,e,w, ,n,o,r,f,o,l,k
i,m,e,n,i, ,b,a,b,u,s,h,k,i,n,a
b,a,k,e,r, ,c,i,t,y
g,e,r,a,l,d,t,o,n
b,u,l,a,e,v,o
o,s,t,r,o,v,n,o,y
z,h,a,n,a,t,a,s
t,a,m,a,n,d,a,r,e
w,a,t,t,e,g,a,m,a
h,a,m,i,l,t,o,n
n,a,a,n,t,a,l,i
g,a,z,o,j,a,k
o,k,t,y,a,b,r,s,k,i,y
p,a,n,g,u,i,p,u,l,l,i
n,a,r,s,a,q
a,w,b,a,r,i
a,t,a,m,b,u,a
h,a,l,f, ,m,o,o,n, ,b,a,y
a,r,a,o,u,a,n,e
g,r,a,n,d, ,r,i,v,e,r, ,s,o,u,t,h, ,e,a,s,t
n,a,m,p,u,l,a
h,a,r,e,r
c,a,p, ,m,a,l,h,e,u,r,e,u,x
l,a,g,o,a
m,o,u,n,t, ,g,a,m,b,i,e,r
k,r,a,s,n,o,u,f,i,m,s,k
s,k,a,l,i,s,t,y,y
a,m,d,e,r,m,a
m,a,n,g,u,l,i,l,e
p,o,r,t, ,m,o,r,e,s,b,y
v,a,n,d,e,r,h,o,o,f
o,n,g,a,n,d,j,e,r,a
x,i,c,h,a,n,g
p,o,r,t, ,b,l,a,i,r
l,o,s, ,l,l,a,n,o,s, ,d,e, ,a,r,i,d,a,n,e
h,a,y, ,r,i,v,e,r
c,o,g,e,a,l,a,c
a,d,r,a,r
f,a,i,r,b,a,n,k,s
f,i,n,s,c,h,h,a,f,e,n
a,r,l,i,t
l,a, ,l,i,g,u,a
n,a,d,u,v,a,t,t,a,m
s,o,r,l,a,n,d
h,e,r,v,e,y, ,b,a,y
p,i,t,i,m,b,u
l,u,w,u,k
k,u,y,t,u,n
s,a,l,i,n,a,s
g,r,a,v,d,a,l
m,a,u,m,e,r,e
c,h,a,g,d,a
r,u,n,d,u
d,u,k,h,o,v,n,i,t,s,k,o,y,e
s,a,r,o,s,p,a,t,a,k
v,o,s,t,o,k
k,a,v,i,e,n,g
n,a,z,e
d,e,p,u,t,a,t,s,k,i,y
p,a,a,m,i,u,t
k,l,a,k,s,v,i,k
w,i,s,c,o,n,s,i,n, ,r,a,p,i,d,s
r,i,o, ,g,r,a,n,d,e
c,h,u,y
l,i,p,i,n, ,b,o,r
s,a,o, ,f,i,l,i,p,e
m,e,u,l,a,b,o,h
a,k,s,a,r,k,a
f,o,r,t,u,n,a
b,a,n,d,a,r,b,e,y,l,a
k,a,m,i,n,a
c,o,m,o,d,o,r,o, ,r,i,v,a,d,a,v,i,a
d,u,b,b,o
m,o,u,s,s,o,r,o
u,m,m, ,d,u,r,m,a,n
m,a,r,a,w,i
a,h,i,p,a,r,a
a,l,o,n,g
p,o,r,t, ,j,e,r,v,i,s
s,a,m,u,s,u
t,o,r,b,a,y
b,i,n,t,u,l,u
v,e,s,t,m,a,n,n,a
z,l,o,b,i,n
c,h,a,d,i,z,a
t,e,z,u
s,a,n, ,j,e,r,o,n,i,m,o
t,h,i,o
k,a,w,a,l,u
l,a,v,r,e,n,t,i,y,a
c,a,b,o, ,s,a,n, ,l,u,c,a,s
m,a,k,a,k,i,l,o, ,c,i,t,y
l,u,a,n
m,a,n,a,u,r,e
y,a,r,-,s,a,l,e
f,o,r,t, ,b,e,a,u,f,o,r,t
g,u,i,l,i,n
b,r,o,k,e,n, ,h,i,l,l
s,a,i,n,t, ,g,e,o,r,g,e
n,o,u,a,k,c,h,o,t,t
n,i,k,o,l,s,k,o,y,e
j,a,r,d,i,m
s,e,p,t,-,i,l,e,s
h,a,r,g,e,y,s,a
g,o,r,e,y
c,a,y,e,n,n,e
s,u,g,-,a,k,s,y
b,a,t,a,g,a,y
m,a,h,e,b,o,u,r,g
b,e,a,v,e,r,l,o,d,g,e
m,o,r,m,u,g,a,o
a,m,a,r,a,j,i
n,i,i,m,i
e,s,p,e,r,a,n,c,e
s,a,r,-,e, ,p,u,l
b,e,l,a,y,a, ,g,o,r,a
m,o,u,n,t, ,p,l,e,a,s,a,n,t
m,a,r,s,a,x,l,o,k,k
p,h,n,u,m, ,p,e,n,h
p,o,n,t,a, ,d,o, ,s,o,l
s,v,e,t,l,o,g,o,r,s,k
d,o,b,a
m,b,a,n,z,a,-,n,g,u,n,g,u
s,e,d,e,l,n,i,k,o,v,o
c,o,c,k,b,u,r,n, ,t,o,w,n
b,e,l,u,s,h,y,a, ,g,u,b,a
w,a,n,n,i,n,g
c,o,n,a,k,r,y
b,y,r,o,n, ,b,a,y
m,a,n,a
l,u,d,e,r,i,t,z
g,a,t
l,a,k,e,s, ,e,n,t,r,a,n,c,e
q,i,n,h,u,a,n,g,d,a,o
t,i,e,b,i,s,s,o,u
x,a,d,a,n,i
u,g,o,o,f,a,a,r,u
t,e,m,p,l,e,m,o,r,e
b,e,l,o,g,o,r,s,k
v,a,g,u,r
s,a,q,u,a,r,e,m,a
t,o,n,g,c,h,u,a,n
d,o,c,t,o,r, ,a,r,r,o,y,o
k,o,r,l,a
c,a,m,p,b,e,l,l, ,r,i,v,e,r
k,r,a,s,n,o,s,e,l,k,u,p
m,a,h,i,b,a,d,h,o,o
c,o,u,l,i,h,a,u,t
m,e,n,d,a,h,a,r,a
n,a,n,t,u,c,k,e,t
p,u,e,r,t,o, ,d,e,l, ,r,o,s,a,r,i,o
s,u,s,a,n,g,e,r,d
p,i,c,s,i
y,a,r,a,d,a
t,u,r,a
p,o,n,t,e,s, ,e, ,l,a,c,e,r,d,a
r,a,w,s,o,n
k,e,g,a,y,l,i
t,s,i,h,o,m,b,e
i,x,t,a,p,a
p,i,t,i,q,u,i,t,o
s,a,m,a,n,a
a,v,e,r,a
a,g,u,i,m,e,s
b,a,t,a,g,a,y,-,a,l,y,t,a
c,a,r,n,a,r,v,o,n
t,u,m,a,n,n,y,y
k,o,t,a, ,k,i,n,a,b,a,l,u
s,a,o, ,j,o,s,e, ,d,a, ,c,o,r,o,a, ,g,r,a,n,d,e
m,a,r,s,h, ,h,a,r,b,o,u,r
d,i,n,g,l,e
t,h,e, ,p,a,s
o,m,s,u,k,c,h,a,n
a,n,d,r,o,s
g,a,w,l,e,r
a,l,y,a,n,g,u,l,a
p,l,e,a,s,a,n,t,o,n
l,o,z,u,v,a,t,k,a
k,u,n,u,n,u,r,r,a
r,o,c,h,a
p,a,c,i,f,i,c, ,g,r,o,v,e
n,a,m,a,t,a,n,a,i
a,s,a,u
m,a,r,s,a, ,m,a,t,r,u,h
p,o,r,t, ,s,a,i,d
h,a,t,i,l,l,o
p,e,d,e,r,n,a,l,e,s
g,e,o,r,g,e,t,o,w,n
k,l,o,u,l,k,l,u,b,e,d
c,h,i,p,i,n,g,e
v,i,l,a, ,v,e,l,h,a
k,a,s,t,a,m,o,n,u
a,r,m,a,c,a,o, ,d,o,s, ,b,u,z,i,o,s
t,a,l,i,s,a,y
t,u,c,u,m,a
w,a,d,d,a,n
y,a,k,y,m,i,v,k,a
r,a,v,a,r
a,l,t,a,m,i,r,a
w,a,r,u,d
z,a,b,o,l
g,a,m,b,e,l,a
n,y,u,r,b,a
r,a,u,d,e,b,e,r,g
k,u,r,t,a,l,a,n
o,j,i,n,a,g,a
p,r,o,v,i,d,e,n,i,y,a
o,e,i,r,a,s
c,o,r,a,c,o,r,a
b,o,s,a,s,o
t,o,d,a, ,r,a,i,s,i,n,g,h
k,e,t,c,h,i,k,a,n
h,o,m,e,r
s,t,o,y,b,a
p,s,e,b,a,y
b,r,a,e
a,r,t,i
s,i,v,e,r,e,k
m,i,t,u
e,l, ,a,l,t,o
l,a,z,a,r,o, ,c,a,r,d,e,n,a,s
e,u,r,e,k,a
p,i,m,e,n,t,e,l
b,a,i,j,i,a,n,t,a,n
b,i,s,m,i,l
a,n,c,u,d
l,a,g,e,s
s,a,n,t,a, ,i,s,a,b,e,l, ,d,o, ,r,i,o, ,n,e,g,r,o
i,g,a,r,k,a
b,r,e,w,s,t,e,r
s,a,t,i,t,o,a
m,u,r,o,s
t,a,n,o,u,t
f,e,r,m,o,y
c,o,n,s,t,a,n,t,a
g,i,n,d,a
h,i,r,a,r,a
z,i,r,o
s,a,n, ,j,u,a,n, ,b,a,u,t,i,s,t,a
l,y,k,h,i,v,k,a
k,i,e,t,a
f,e,v,r,a,l,s,k
t,i,n,q,u,e,u,x
p,a,w,a,i
y,e,n,a,g,o,a
v,e,s,t,m,a,n,n,a,e,y,j,a,r
v,a,r,d,o
g,r,a,n,d, ,c,e,n,t,r,e
c,o,q,u,i,m,b,o
p,a,l,a,u,i,g
t,u,r,u,k,h,a,n,s,k
b,l,a,g,o,y,e,v,o
b,a,n,d,a,r,-,e, ,l,e,n,g,e,h
k,a,s,e,d,a
s,a,k,a,i,m,i,n,a,t,o
w,a,d, ,m,a,d,a,n,i
g,r,i,n,d,a,v,i,k
g,r,i,f,f,i,t,h
s,u,m,b,a,w,a
m,y,i,t,k,y,i,n,a
m,i,y,a,k,o
c,h,i,c,a,m,a
f,o,r,t, ,n,e,l,s,o,n
k,a,i,l,i
e,v,r,e,u,x
n,o,r,t,h, ,l,a,s, ,v,e,g,a,s
h,u,a,l,m,a,y
w,e,s,t, ,f,a,r,g,o
s,a,i,n,t,-,j,o,s,e,p,h
s,a,n, ,b,o,r,j,a
a,m,b,u,l,u
t,a,o,u,d,e,n,n,i
n,h,u,l,u,n,b,u,y
k,e,f,l,a,v,i,k
s,o,e
p,o,m,b,a,s
b,a,c, ,l,i,e,u
a,c,a,p,u,l,c,o
u,r,u,m,q,i
n,a,m,i,b,e
n,a,d,y,m
l,i,t,o,r,a,l, ,d,e,l, ,s,a,n, ,j,u,a,n
k,i,s,a,n,g,a,n,i
s,o,y,o
a,n,a,d,y,r
s,e,r,e,b,r,y,a,n,y,y, ,b,o,r
j,a,h,r,o,m
a,n,t,s,o,h,i,h,y
o,s,t,u,a,c,a,n
t,a,r,a
b,i,d,a
l,a,l,i,a,n
s,i,n,o,p
s,u,r,t
s,a,n, ,c,a,r,l,o,s, ,d,e, ,b,a,r,i,l,o,c,h,e
i,m,e,n,i, ,p,o,l,i,n,y, ,o,s,i,p,e,n,k,o
t,a,l,n,a,k,h
t,o,t,o,l,a,p,a
t,e,r,n,a,t,e
m,u,t,i,s
m,u,d,y,u,g,a
l,o,r,e,n,g,a,u
i,q,a,l,u,i,t
d,a,r,u
h,a,i,n,e,s, ,j,u,n,c,t,i,o,n
t,e,s,s,a,l,i,t
s,a,o, ,g,e,r,a,l,d,o, ,d,o, ,a,r,a,g,u,a,i,a
u,r,i
m,a,y,y,a
m,a,n,a,n,j,a,r,y
s,a,m,a,r,a,i
a,r,o,n,a
p,o,r,t,o, ,m,u,r,t,i,n,h,o
v,a,o
r,i,b,e,r,a,l,t,a
t,u,r,a,y,f
f,o,r,t, ,f,r,a,n,c,e,s
b,a,l,l,y,m,e,n,a
z,h,e,z,k,a,z,g,a,n
p,a,l,m,e,r
h,o,f,n
b,u,l,g,a,n
k,i,t,i,m,a,t
r,e,v,e,l,s,t,o,k,e
c,e,s,t,a,s
t,a,h,t,a
b,u,a,r,c,o,s
t,u,r,b,a,t
s,o,r,v,a,g
s,h,e,n,j,i,a,m,e,n
l,a,k,a,t,o,r,o
t,a,k,o,r,a,d,i
s,a,y,a,t
i,n,d,e,r,b,o,r,s,k,i,y
r,o,m,a
u,s,t,-,o,m,c,h,u,g
p,a,l,a,b,u,h,a,n,r,a,t,u
n,e,i,a,f,u
i,s,l,a,m,a,b,a,d
u,r,a,l,s,k,i,y
s,h,a,r,a,n
c,h,a,p,a,i,s
e,s,s,o
j,u,m,l,a
p,o,u,m
t,e,g,u,i,s,e
t,u,r,k,i,s,t,a,n
m,u,t,a,r,e
j,a,u,n,p,u,r
o,k,h,o,t,s,k
z,h,o,u,c,u,n
a,f,u,a
m,a,l,o,s,h,u,y,k,a
m,e,h,a,m,n
f,a,i,r,f,i,e,l,d
b,o,w,e,n
a,t,a,s,u
u,y,o,v,u
a,m,e,t,h,i
t,r,a,t
b,i,n,g,a
s,a,n, ,p,a,t,r,i,c,i,o
s,t,o,r,n,o,w,a,y
s,r,e,d,n,e,k,o,l,y,m,s,k
y,e,p,p,o,o,n
j,a,p,u,r,a
b,u,k,a,c,h,a,c,h,a
m,a,n,g,r,o,l
p,o,c,o,n,e
y,i,n,i,n,g
p,o,c,h,u,t,l,a
n,e,n,j,i,a,n,g
a,b,h,a
c,o,l,l,e,g,e
m,a,r,a,t,h,o,n
l,o,u,i,s,b,o,u,r,g
r,i,o, ,g,a,l,l,e,g,o,s
s,a,n, ,j,u,a,n
k,a,r,r,a,t,h,a
e,r,e,y,m,e,n,t,a,u
l,i,m,o,n
c,a,d,i,l,l,a,c
h,u,a,r,m,e,y
o,h,r,i,n,g,e,n
h,a,m,b,a,n,t,o,t,a
m,o,m,b,e,t,s,u
b,o,r,u,j,a,n
r,u,d,s,a,r
c,a,o,h,e
m,o,r,o,n
